{"loss training": 0.6987021565437317, "_timestamp": 1670166310.8705487, "_runtime": 78.19827461242676, "_step": 1, "_wandb": {"runtime": 77}}