{"loss training": 0.6486585736274719, "_timestamp": 1670321633.5455134, "_runtime": 80.37158536911011, "_step": 1, "_wandb": {"runtime": 80}}