{"loss training": 0.49056339263916016, "_timestamp": 1670257125.9453204, "_runtime": 23968.388939380646, "_step": 100, "loss val": 0.6476424402275751, "accuracy val": 0.7142857142857143, "waccuracy val": [1.0, 0.0], "auc val": 0.7, "sensitivity val": 0.0, "specificity val": 1.0, "f1 val": 0.8333333333333333, "b loss val": 0.6476424402275751, "b accuracy val": 0.7142857142857143, "b waccuracy val": 0.5, "b auc val": 0.7, "b sensitivity val": 0.0, "b specificity val": 1.0, "b f1 val": 0.8333333333333333, "b loss test": 0.7084317508825037, "b accuracy test": 0.7142857142857143, "b waccuracy test": 0.5, "b auc test": 0.4, "b sensitivity test": 0.0, "b specificity test": 1.0, "b f1 test": 0.8333333333333333, "_wandb": {"runtime": 23968}}