{"loss training": 0.6167068481445312, "_timestamp": 1670158414.9681349, "_runtime": 79.18381595611572, "_step": 1, "_wandb": {"runtime": 79}}