{"loss training": 0.7364546656608582, "_timestamp": 1670157298.9001403, "_runtime": 101.98770332336426, "_step": 2, "_wandb": {"runtime": 109}}