{"loss training": 0.6787542104721069, "loss val": 0.6817786072162871, "accuracy val": 0.8571428571428571, "waccuracy val": [1.0, 0.5], "auc val": 1.0, "sensitivity val": 0.5, "specificity val": 1.0, "f1 val": 0.8744588744588745, "b loss val": 0.6817786072162871, "b accuracy val": 0.8571428571428571, "b waccuracy val": 0.75, "b auc val": 1.0, "b sensitivity val": 0.5, "b specificity val": 1.0, "b f1 val": 0.8744588744588745, "_runtime": 64, "_timestamp": 1640745208, "_step": 1}