{"loss training": 0.6444612145423889, "_timestamp": 1670322525.835922, "_runtime": 77.84382510185242, "_step": 1, "_wandb": {"runtime": 77}}