{"loss training": 0.6667115092277527, "_timestamp": 1670321980.7236238, "_runtime": 74.34368968009949, "_step": 1, "_wandb": {"runtime": 74}}