{"loss training": 1.002708911895752, "_timestamp": 1670577398.8972604, "_runtime": 41.61952447891235, "_step": 1, "_wandb": {"runtime": 43}}