{"loss training": 0.6785271763801575, "_timestamp": 1670159812.359086, "_runtime": 78.88341498374939, "_step": 1, "_wandb": {"runtime": 78}}