{"loss training": 0.6431471109390259, "_timestamp": 1670174111.1447206, "_runtime": 76.64550948143005, "_step": 1, "_wandb": {"runtime": 76}}