{"loss training": 0.45547017455101013, "_timestamp": 1670168293.3838346, "_runtime": 80.65189957618713, "_step": 1, "_wandb": {"runtime": 80}}