{"loss training": 0.7085142135620117, "_timestamp": 1672844136.76679, "_runtime": 268.6289119720459, "_step": 1, "_wandb": {"runtime": 287}}