{"loss training": 0.8200450539588928, "_timestamp": 1670576836.9384017, "_runtime": 54.26540565490723, "_step": 1, "_wandb": {"runtime": 57}}