{"loss training": 0.33004090189933777, "_timestamp": 1670068989.5441375, "_runtime": 172789.61349749565, "_step": 180, "loss val": 0.6549332973568939, "accuracy val": 0.7142857142857143, "waccuracy val": [1.0, 0.0], "auc val": 0.7, "sensitivity val": 0.0, "specificity val": 1.0, "f1 val": 0.8333333333333333, "b loss val": 0.6549332973568939, "b accuracy val": 0.7142857142857143, "b waccuracy val": 0.5, "b auc val": 0.7, "b sensitivity val": 0.0, "b specificity val": 1.0, "b f1 val": 0.8333333333333333, "b loss test": 0.7552895625663358, "b accuracy test": 0.7142857142857143, "b waccuracy test": 0.5, "b auc test": 0.8, "b sensitivity test": 0.0, "b specificity test": 1.0, "b f1 test": 0.8333333333333333, "_wandb": {"runtime": 172826}}