{"loss training": 0.35851147770881653, "_timestamp": 1670338812.5041208, "_runtime": 15571.699875831604, "_step": 300, "_wandb": {"runtime": 15571}}