{"loss training": 0.40902310609817505, "_timestamp": 1670168606.2163239, "_runtime": 80.8208417892456, "_step": 1, "_wandb": {"runtime": 80}}