{"loss training": 0.6837338209152222, "_timestamp": 1670557318.4436522, "_runtime": 8419.899979114532, "_step": 200, "_wandb": {"runtime": 8419}}