{"loss training": 0.6931471824645996, "_timestamp": 1670437392.961598, "_runtime": 15676.945840835571, "_step": 300, "_wandb": {"runtime": 15677}}