{"loss training": 0.7211524248123169, "_timestamp": 1670577765.1212878, "_runtime": 38.98263192176819, "_step": 1, "_wandb": {"runtime": 39}}