{"loss training": 0.6258628964424133, "_timestamp": 1670502238.5841246, "_runtime": 626.5437045097351, "_step": 10, "_wandb": {"runtime": 656}}