{"loss training": 0.6355066299438477, "_timestamp": 1670322959.6680164, "_runtime": 77.64030647277832, "_step": 1, "_wandb": {"runtime": 77}}