{"loss training": 0.6760448813438416, "_timestamp": 1670168852.198918, "_runtime": 76.51104402542114, "_step": 1, "_wandb": {"runtime": 76}}