{"loss training": 0.7050876617431641, "_timestamp": 1670159002.464777, "_runtime": 78.32777905464172, "_step": 1, "_wandb": {"runtime": 78}}