{"loss training": 0.6677508354187012, "_timestamp": 1670769472.106536, "_runtime": 167744.71832489967, "_step": 400, "_wandb": {"runtime": 167855}}