{"loss training": 0.7082839012145996, "_timestamp": 1670165043.1842458, "_runtime": 40.191059827804565, "_step": 1, "_wandb": {"runtime": 43}}