{"loss training": 0.6137409806251526, "_timestamp": 1670162172.1324348, "_runtime": 77.80936074256897, "_step": 1, "_wandb": {"runtime": 77}}