{"loss training": 0.7753501534461975, "_timestamp": 1670169071.2609413, "_runtime": 75.08947920799255, "_step": 1, "_wandb": {"runtime": 75}}