{"loss training": 0.44748082756996155, "_timestamp": 1670141960.8409555, "_runtime": 72182.55202054977, "_step": 300, "loss val": 0.670569108669148, "accuracy val": 0.7142857142857143, "waccuracy val": [1.0, 0.0], "auc val": 0.4, "sensitivity val": 0.0, "specificity val": 1.0, "f1 val": 0.8333333333333333, "b loss val": 0.670569108669148, "b accuracy val": 0.7142857142857143, "b waccuracy val": 0.5, "b auc val": 0.4, "b sensitivity val": 0.0, "b specificity val": 1.0, "b f1 val": 0.8333333333333333, "b loss test": 0.7562731968802076, "b accuracy test": 0.7142857142857143, "b waccuracy test": 0.5, "b auc test": 0.5, "b sensitivity test": 0.0, "b specificity test": 1.0, "b f1 test": 0.8333333333333333, "_wandb": {"runtime": 72182}}