{"loss training": 0.8351361155509949, "_timestamp": 1670158655.2481525, "_runtime": 78.94964051246643, "_step": 1, "_wandb": {"runtime": 78}}