{"loss training": 0.5521032810211182, "_timestamp": 1670500030.1951497, "_runtime": 11879.924815654755, "_step": 206, "_wandb": {"runtime": 11895}}