{"loss training": 1.0781553983688354, "_timestamp": 1670576614.095058, "_runtime": 75.02189087867737, "_step": 2, "_wandb": {"runtime": 87}}