{"loss training": 0.7384105324745178, "_timestamp": 1670593227.0406933, "_runtime": 391.329026222229, "_step": 1, "_wandb": {"runtime": 390}}