{"loss training": 0.7002448439598083, "_timestamp": 1670576721.4121156, "_runtime": 53.57160568237305, "_step": 1, "_wandb": {"runtime": 66}}